concorrente,Preço,Loja,qtd_vendida,link,principal,compatibilidade
Smart Tv LG 50 4k Uhd Hdr Thinq Ai Pro Wi-fi Bluetooth Alexa Apple Airplay - 50tu801c0sa,R$ 2384.90,Comprebel (Oficial),Oficial,https://www.mercadolivre.com.br/smart-tv-lg-50-4k-uhd-hdr-thinq-ai-pro-wi-fi-bluetooth-alexa-apple-airplay-50tu801c0sa/p/MLB52058084?pdp_filters=official_store%3A1614,Smart Tv LG 50 4k Uhd Hdr Thinq Ai Pro Wi-fi Bluetooth Alexa Apple Airplay - 50tu801c0sa,SIM
Smart Tv 4k 50 Polegadas LG Ultra Hd 50ua8550psa,2040.88,,Novo  |  +5 vendidos,https://click1.mercadolivre.com.br/mclics/clicks/external/MLB/count?a=ZV1eAPQsxOCLQ2Smq%2FBF6yTg%2FjxqU4i1Xfbve2cLxLhQZAXmSIvAYRXPJAH22vhRW6qIR8ogx2%2F96NZT8DccC%2BmcTjBXVj1B9ynnDm%2FIZwtwp1xOL%2FradwCPF6H5wc9lbDK5%2BSFgKkrfA65tY2%2B8nk%2FK%2BWw7OsFSXvehC5o4gEuigRhONcf9iAAwgEpJDFqyEwdU39Fk17aLXlUqSvpMkkxb2Vad%2BsLgqXY2dm9iR1yT9l53%2Fn1HZVq%2F7OKYdzodCaw4Zw1nc%2Bx%2Bj4ZOzyRcSPMpqzpA7OPci0dYD2dmwWxciyAQCHOwp3PFHFarCuTQ8PQyflaPOLWpQqcjrCFC7RqagTZzDKRW3LieOMYno8huZOdPE6WZWMgSWuy23qYZNsOHXHPLR0PON1u2WVMPtFhUr%2BLPpPsknzR%2FPlq4NmrybPPY%2F%2F0HKmLWEFbhiDO5E6czJ3UoRITNnxgTTB%2FYzJfSPwUZCyL9jQ7%2ByFSks3RSOpWbD5Qotf%2FLDYa9WlJi568iFJWFtoxJAIZwsl8Z35xSz5Qhiaz2QC7uMWI35Ca7Yalq%2FMPUjiJH4ciNKmNn9Sxz%2Bv9bJrRrgtv%2BCVSdUZsvu3aY8nhSDNWWGJ6UzN6h5YxSVg7Pbc30mDzl7Xd09WAZoaIDDH54wE3ht3LlI0o3boeiOl%2B9ZvgStwotQO%2BFy7zL8Ae2vJWSGRHwjwQlUhTK6AhYgg2VNuKSBmyKYbtWFaOdwkwvbKoRj7dZhAjedPqRmJfrAUorosbGCAb7eJ9h6vHCyP7WiMXoXzmvNdti6DYvFuusgdneGXRWbYExFvE3TCipBTUJ6Wq1mYI0%2FjcFGHbEg742cgyAJYcGRzczSaMb0%2Fwgl1wFn8Ci9PVOkUwhK9IikDOAPRdYJYfMFbhHgz%2BayoSi2ccf7TSU%2FyEHTt1QOlSOQyl7yl7L%2FLomCbPM#polycard_client=search-nordic&is_advertising=true&searchVariation=MLB2048612860&backend_model=search-backend&search_layout=grid&position=1&type=pad&tracking_id=b92e064d-7412-4749-ae12-741186e3b218&wid=MLB5849881262&sid=search,Smart Tv LG 50 4k Uhd Hdr Thinq Ai Pro Wi-fi Bluetooth Alexa Apple Airplay - 50tu801c0sa,NÃO
Smart Tv LG 50 4k Uhd Hdr Thinq Ai Pro Wi-fi Bluetooth Alexa Apple Airplay - 50tu801c0sa,1859.8,,Novo  |  +10mil vendidos,https://www.mercadolivre.com.br/smart-tv-lg-50-4k-uhd-hdr-thinq-ai-pro-wi-fi-bluetooth-alexa-apple-airplay-50tu801c0sa/p/MLB52058084#polycard_client=search-nordic&search_layout=grid&position=2&type=product&tracking_id=b92e064d-7412-4749-ae12-741186e3b218&wid=MLB4186021237&sid=search,Smart Tv LG 50 4k Uhd Hdr Thinq Ai Pro Wi-fi Bluetooth Alexa Apple Airplay - 50tu801c0sa,SIM
"Smart TV 4K 50"" LG UHD 50UA75 Processador α7 AI Ger8 4K Super Upscaling Google Cast Alexa Integrado Controle Remoto Padrão WebOS 25",1834.16,,Novo  |  +1000 vendidos,https://www.mercadolivre.com.br/smart-tv-4k-50-lg-uhd-50ua75-processador-7-ai-ger8-4k-super-upscaling-google-cast-alexa-integrado-controle-remoto-padro-webos-25/p/MLB53201474#polycard_client=search-nordic&search_layout=grid&position=3&type=product&tracking_id=b92e064d-7412-4749-ae12-741186e3b218&wid=MLB5547463722&sid=search,Smart Tv LG 50 4k Uhd Hdr Thinq Ai Pro Wi-fi Bluetooth Alexa Apple Airplay - 50tu801c0sa,NÃO
Smart Tv LG Led 55 55ut801c0sa 4k Ultra Hd Thinq Ai Webos 24,2079.44,,Novo  |  +10mil vendidos,https://www.mercadolivre.com.br/smart-tv-lg-led-55-55ut801c0sa-4k-ultra-hd-thinq-ai-webos-24/p/MLB44672028#polycard_client=search-nordic&search_layout=grid&position=4&type=product&tracking_id=b92e064d-7412-4749-ae12-741186e3b218&wid=MLB3966901001&sid=search,Smart Tv LG 50 4k Uhd Hdr Thinq Ai Pro Wi-fi Bluetooth Alexa Apple Airplay - 50tu801c0sa,NÃO
"Smart TV 4K 50"" LG UHD 50UA85 Processador α7 AI Ger8 4K Super Upscaling Google Cast Alexa Integrado Controle AI Smart Magic WebOS 25",1877.8,,Novo  |  +1000 vendidos,https://www.mercadolivre.com.br/smart-tv-4k-50-lg-uhd-50ua85-processador-7-ai-ger8-4k-super-upscaling-google-cast-alexa-integrado-controle-ai-smart-magic-webos-25/p/MLB51381761#polycard_client=search-nordic&search_layout=grid&position=5&type=product&tracking_id=b92e064d-7412-4749-ae12-741186e3b218&wid=MLB5474190160&sid=search,Smart Tv LG 50 4k Uhd Hdr Thinq Ai Pro Wi-fi Bluetooth Alexa Apple Airplay - 50tu801c0sa,NÃO
"Smart TV LED 43"" Ultra HD 4K LG 43UR781C0SA.BWZ Preto ThinQ AI 3 HDMI 2 USB Wi-Fi Bluetooth HDR10",1699,,Novo  |  +50mil vendidos,https://www.mercadolivre.com.br/smart-tv-led-43-ultra-hd-4k-lg-43ur781c0sabwz-preto-thinq-ai-3-hdmi-2-usb-wi-fi-bluetooth-hdr10/p/MLB25800955#polycard_client=search-nordic&search_layout=grid&position=6&type=product&tracking_id=b92e064d-7412-4749-ae12-741186e3b218&wid=MLB5343939420&sid=search,Smart Tv LG 50 4k Uhd Hdr Thinq Ai Pro Wi-fi Bluetooth Alexa Apple Airplay - 50tu801c0sa,NÃO
"Smart TV Profissional 4K 50"" LG UHD 50AU801 Processador α7 AI Ger8 Super Upscaling Google Cast Alexa Integrado Controle AI Smart Magic WebOS 25",1895.73,,Novo  |  +25 vendidos,https://www.mercadolivre.com.br/smart-tv-profissional-4k-50-lg-uhd-50au801-processador-7-ai-ger8-super-upscaling-google-cast-alexa-integrado-controle-ai-smart-magic-webos-25/p/MLB61517857#polycard_client=search-nordic&search_layout=grid&position=7&type=product&tracking_id=b92e064d-7412-4749-ae12-741186e3b218&wid=MLB5889143382&sid=search,Smart Tv LG 50 4k Uhd Hdr Thinq Ai Pro Wi-fi Bluetooth Alexa Apple Airplay - 50tu801c0sa,SIM
"Smart TV de 50"" LG UT801C 50UT801C0SA com tela LED 4K 127/220V - preto",1917.52,,Novo  |  +10mil vendidos,https://www.mercadolivre.com.br/smart-tv-de-50-lg-ut801c-50ut801c0sa-com-tela-led-4k-127220v-preto/p/MLB45672004#polycard_client=search-nordic&search_layout=grid&position=8&type=product&tracking_id=b92e064d-7412-4749-ae12-741186e3b218&wid=MLB3968846129&sid=search,Smart Tv LG 50 4k Uhd Hdr Thinq Ai Pro Wi-fi Bluetooth Alexa Apple Airplay - 50tu801c0sa,SIM
"Smart TV LG 50"" 4K UHD LED Alexa, ThinQ AI, HDR10, WebOS 24 Controle Smart Magic- 50UT8050",2224.04,,Novo  |  +10mil vendidos,https://www.mercadolivre.com.br/smart-tv-lg-50-4k-uhd-led-alexa-thinq-ai-hdr10-webos-24-controle-smart-magic-50ut8050/p/MLB39457123#polycard_client=search-nordic&search_layout=grid&position=9&type=product&tracking_id=b92e064d-7412-4749-ae12-741186e3b218&wid=MLB3845180283&sid=search,Smart Tv LG 50 4k Uhd Hdr Thinq Ai Pro Wi-fi Bluetooth Alexa Apple Airplay - 50tu801c0sa,SIM
"Smart TV 4K 86"" LG UHD 86UA85 Processador α7 AI Ger8 4K Super Upscaling Google Cast Alexa Integrado Controle AI Smart Magic WebOS 25",6819.1,,Novo  |  +5 vendidos,https://click1.mercadolivre.com.br/mclics/clicks/external/MLB/count?a=DyJej8lTdN9ma0W8yqUA7lZ2naG2kk59SX646NPFj6b480i83WotENvvQZmMOrgtqkKhv8uTLmfDjWYfLh25K9mdFjpFNAccDA8fTgnM3kIIi4h%2FB2n0XzMqRw7ZNy7UO%2FRRkPZftjEQB%2F3mzyPoDFNPVOwKubGvFmJadg8JaUwSSJxQAgjdZnCgL9Qr8Cy4eVb6Y2oeXDztXd%2BiM5f2TuZq3%2BviFeg3F3b1EvijSPzqWS2gziDfXANVkjmNdS6JigRzvJeyUMj0loUmXCDtedImlZOD5larfnqWx21jeg6fD5djdqJhV6rpJCUEptH1aSpMkbHCcgD6kHl9eSgsiG97tEJ6MuDQFYxpEaGmo6amYHaBcDQncZqN66F%2Fh97D6C92lMSkuKufFyzogsXxF5nAe1wk43T63BUJTL9mmjh%2FJtR9De5nV5BUXF9M0qQ5gbRIEhhQKUWHfkJsErBJo4KLSitrmYAi6T71jkzvU2zN%2FqgL3FOAWquiHvXZ%2B%2F%2FuEkahTVtLy11F9ouko3zOe5YlrjEeEuF1qnpGP3nr5B%2FooK%2Bk7ox5ZH5ToE36bvwdq%2FBU5weaZMc8AZFKPAT6ONqnImQZlAD6UTiMAtS4%2FdpkxyuQ%2FgIVE5mZWol0hi3Vy7jjzG%2BMknPeZKaWFh3wxtwyf965IFooOz5cMhDgnXxUrurbp4w%2Fjb64rKTSSkj21nMn51KYtmLISfoprzx1ptUM%2Fz2dTAMXsPmH5zdZcOzAA5yP4zAn2fuFlj1oiw2VKhb0oRpDCuQFfAaQLx%2F7BhnQ79Q%2FtdcwZD5VqDbV5hncMp7IjCf7EXBki4omSORd3oyZ6cQlKHVAyk%2FQQiG4N1WPjZIg7h7xs210e5T6CZTTNFRV5IXm8vYC7Nbb7gpwX2YiKMrI2FenlQ6Pj3Zg1MLkckaVmg%2FAq7YgiPA1EUAuOWKGt%2BEl%2BjAHBlvRQFW2r4a6DbR3Gcgb5pJ%2BxBRcbVM%2BC9jFCDkwCPgecJe6B2COTWM7%2FHGr%2B0rtJhxo%2F%2F09lbiOkyUlphXtMVcoDIzS6WzzbrA%3D#polycard_client=search-nordic&is_advertising=true&searchVariation=MLB53497729&backend_model=search-backend&search_layout=grid&position=10&type=pad&tracking_id=b92e064d-7412-4749-ae12-741186e3b218&wid=MLB5886958094&sid=search,Smart Tv LG 50 4k Uhd Hdr Thinq Ai Pro Wi-fi Bluetooth Alexa Apple Airplay - 50tu801c0sa,NÃO
Smart Tv LG Uhd 4k Ut80 55 Polegadas 55ut8000,2127.05,,Novo  |  +100 vendidos,https://click1.mercadolivre.com.br/mclics/clicks/external/MLB/count?a=%2B8nt%2BpWf1Zwrndf3UUSJZuwg9eAKoiJRCOKU9Fam4hwYj40IKL4HvMSvGUhPE2%2FwzE%2BnT86IIWpQKtPePxLquwNvjDyL%2Bj7tyF%2FGCo6bL%2FCgsXTsbi%2F0Cz8bHbpBRgwaoe9v7luE2axsSRQ3rs1mf4QG9kDWSHm1lc1iZT2mfaV6AbzwxztqGpBdKyt%2FzEkjP%2BxnnkwvHnSHy%2Bz78yIri0%2BNWQnVntAyG%2B%2FsDZDgIALmslJ%2Fm89B235Eci7vhKl2g97kfp2VIvvdEHvPZL8nMvbEd%2Fwk3fXT%2BOYFUfoqEvKk9WxEgMBU19MOthLgw5aky%2FDM0sDk19rwN%2Bpk6R2I%2F8pxy2Y8JNZINDIFwSKx1DtB4v5S2%2BZ%2BRTh5y03ymMRVCxKdWMz%2FjjfhTb2oyCcnPLRGpJaNC%2Bcqo%2BnzATTsR%2FW26pGe4dKlInoBMoEH%2BGi9XTPV6dVKCLTfpr7THw%2BMkvmgQQep6pn3tBLmobh5jHKd0kCSpGCfUcjwx9TwLVXOYwgi8vVTPd32XSg9DoWVPVGxXOo%2Bdr7EmxrrKUYGUbfNP5KwNEeIHaFNCxeQ3Dip9p2bFUvnWwKWRm55EAd5vHlgT683mVMonQBvwH66RV8UbfpO0XO6AvW0JbdTE%2BQzBorMOwNUA1bU%2FTH9BsDbBH3i6pkU66Es88DjmfoncdBUIYrV0U2cUhMvDGrO7QiFZEwuuldND0Y9ygJQrX6XGbnB3GIFWtJ3eBN5BYK7H%2FXqnoVxOHCfSID%2B12ucHixUPDjsF9cd60oLomFncoF9rr2f%2FzvRk%2F4GG0%2BVa1AqoLptQ9U6LNCAs8Emn%2Ft2dO0o21kaSanIUv6n9Z%2BVMx4Bf3NOnokVAytrlpz6iiW2NDHIEShEBGv3gRR1iquqr%2BWtswf%2Ba4M2O1XKZRJX9wSioL34dCbZwle6eD78GV5p#polycard_client=search-nordic&is_advertising=true&searchVariation=MLB45993583&backend_model=search-backend&search_layout=grid&position=11&type=pad&tracking_id=b92e064d-7412-4749-ae12-741186e3b218&wid=MLB4020551147&sid=search,Smart Tv LG 50 4k Uhd Hdr Thinq Ai Pro Wi-fi Bluetooth Alexa Apple Airplay - 50tu801c0sa,NÃO
Smart Tv 4k 50 LG Uhd 50ut8000 Processador 5 Ger7 Ai Alexa/chromecast Integrado Otimizador De Jogos Webos 24 Com Controle Remoto Padrão,1820.46,,Novo  |  +1000 vendidos,https://www.mercadolivre.com.br/smart-tv-4k-50-lg-uhd-50ut8000-processador-5-ger7-ai-alexachromecast-integrado-otimizador-de-jogos-webos-24-com-controle-remoto-padro/p/MLB47854356#polycard_client=search-nordic&search_layout=grid&position=12&type=product&tracking_id=b92e064d-7412-4749-ae12-741186e3b218&wid=MLB4029394209&sid=search,Smart Tv LG 50 4k Uhd Hdr Thinq Ai Pro Wi-fi Bluetooth Alexa Apple Airplay - 50tu801c0sa,SIM
"Smart TV 4K 50"" LG NanoCell 50NANOA Processador α7 AI Ger8 4K Super Upscaling Google Cast Alexa Integrado Controle AI Smart Magic WebOS 25",2109.6,,Novo  |  +100 vendidos,https://www.mercadolivre.com.br/smart-tv-4k-50-lg-nanocell-50nanoa-processador-7-ai-ger8-4k-super-upscaling-google-cast-alexa-integrado-controle-ai-smart-magic-webos-25/p/MLB51967528#polycard_client=search-nordic&search_layout=grid&position=13&type=product&tracking_id=b92e064d-7412-4749-ae12-741186e3b218&wid=MLB4238205859&sid=search,Smart Tv LG 50 4k Uhd Hdr Thinq Ai Pro Wi-fi Bluetooth Alexa Apple Airplay - 50tu801c0sa,NÃO
"Smart TV LG 55UT8050PSA 55"" 4K Ultra HD",2184.05,,Novo  |  +10mil vendidos,https://www.mercadolivre.com.br/smart-tv-lg-55ut8050psa-55-4k-ultra-hd/p/MLB39457012#polycard_client=search-nordic&search_layout=grid&position=14&type=product&tracking_id=b92e064d-7412-4749-ae12-741186e3b218&wid=MLB5099316684&sid=search,Smart Tv LG 50 4k Uhd Hdr Thinq Ai Pro Wi-fi Bluetooth Alexa Apple Airplay - 50tu801c0sa,NÃO
Smart Tv LG 55 55ua8550psa+ubook Kit 10 Livros Digitais Geek,2499,,Novo  |  2 vendidos,https://www.mercadolivre.com.br/smart-tv-lg-55-55ua8550psaubook-kit-10-livros-digitais-geek/p/MLB2041470807#polycard_client=search-nordic&search_layout=grid&position=15&type=product&tracking_id=b92e064d-7412-4749-ae12-741186e3b218&wid=MLB4228845243&sid=search,Smart Tv LG 50 4k Uhd Hdr Thinq Ai Pro Wi-fi Bluetooth Alexa Apple Airplay - 50tu801c0sa,NÃO
